Workbook

Sheet Mapper Ops
A1: JAVA 파일 | B1: MAPPER 파일 | C1: Mapper ID | D1: TABLE명 | E1: CRUD 구분 | F1: 배치코드 | G1: 배치작업
A2: Trbt001m | B2: Trbt001m.xml | C2: deleteIfSwapdb | D2: IF_SWAPDB_FWD_M_TR_INFO | E2: D | F2: 1 | G2: =VLOOKUP($F2,'배치코드-작업'!$A$2:$B$41,2,FALSE) -> SPEC 데이터 인터페이스
A3: Trbt001m | B3: Trbt001m.xml | C3: insertIfSwapdb | D3: IF_SWAPDB_FWD_M_TR_INFO | E3: C | F3: 1 | G3: =VLOOKUP($F3,'배치코드-작업'!$A$2:$B$41,2,FALSE) -> SPEC 데이터 인터페이스
A4: Trbt001m | B4: Trbt001m.xml | C4: selectIfSwapdbList | D4: SWAPDB_FWD_M_TR_Info | E4: R | F4: 1 | G4: =VLOOKUP($F4,'배치코드-작업'!$A$2:$B$41,2,FALSE) -> SPEC 데이터 인터페이스
A5: Trbt010m | B5: Trbt010m.xml | C5: fnGetSampleData001 | D5: DUAL | E5: R | F5: 10 | G5: =VLOOKUP($F5,'배치코드-작업'!$A$2:$B$41,2,FALSE) -> 시장데이터 수신
A6: Trbt020m | B6: Trbt020m.xml | C6: fnUpdateSampleData002 | D6: TD_DMDATALOAD | E6: U | F6: 20 | G6: =VLOOKUP($F6,'배치코드-작업'!$A$2:$B$41,2,FALSE) -> 수신데이터검증
A7: Trbt020m | B7: Trbt020m.xml | C7: deleteDataCheckResult | D7: TD_DMDATACHECKRESULT | E7: D | F7: 20 | G7: =VLOOKUP($F7,'배치코드-작업'!$A$2:$B$41,2,FALSE) -> 수신데이터검증
A8: Trbt020m | B8: Trbt020m.xml | C8: selectDataCheckInfoList | D8: TC_DMDATACHECKINFO | E8: R | F8: 20 | G8: =VLOOKUP($F8,'배치코드-작업'!$A$2:$B$41,2,FALSE) -> 수신데이터검증
A9: Trbt020m | B9: Trbt020m.xml | C9: selectDataCheckResult | D9: ${sqlScript} | E9: R | F9: 20 | G9: =VLOOKUP($F9,'배치코드-작업'!$A$2:$B$41,2,FALSE) -> 수신데이터검증
A10: Trbt020m | B10: Trbt020m.xml | C10: insertDataCheckResult | D10: TD_DMDATACHECKRESULT | E10: C | F10: 20 | G10: =VLOOKUP($F10,'배치코드-작업'!$A$2:$B$41,2,FALSE) -> 수신데이터검증
A11: Trbt020m | B11: Trbt020m.xml | D11: TC_DMDATACHECKINFO | E11: R | F11: 20 | G11: =VLOOKUP($F11,'배치코드-작업'!$A$2:$B$41,2,FALSE) -> 수신데이터검증
A12: Trbt030m | B12: Trbt030m.xml | C12: fnGetSampleData002 | D12: TD_DMDATALOAD | E12: R | F12: 30 | G12: =VLOOKUP($F12,'배치코드-작업'!$A$2:$B$41,2,FALSE) -> 0
A13: Trbt030m | B13: Trbt030m.xml | C13: fnDeleteSampleData002 | D13: TD_DMDATALOAD | E13: D | F13: 30 | G13: =VLOOKUP($F13,'배치코드-작업'!$A$2:$B$41,2,FALSE) -> 0
A14: Trbt030m | B14: Trbt030m.xml | C14: fnInsertSampleData002 | D14: TD_DMDATALOAD | E14: U | F14: 30 | G14: =VLOOKUP($F14,'배치코드-작업'!$A$2:$B$41,2,FALSE) -> 0
A15: Trbt030m | B15: Trbt030m.xml | C15: getSysDate | E15: R | F15: 30 | G15: =VLOOKUP($F15,'배치코드-작업'!$A$2:$B$41,2,FALSE) -> 0
A16: Trbt030m | B16: Trbt030m.xml | C16: selectSmsDataList | D16: dbo.SUREData_Log | E16: R | F16: 30 | G16: =VLOOKUP($F16,'배치코드-작업'!$A$2:$B$41,2,FALSE) -> 0
A17: Trbt030m | B17: Trbt030m.xml | C17: deleteIfFxFwd | D17: IF_FXFWD | E17: D | F17: 30 | G17: =VLOOKUP($F17,'배치코드-작업'!$A$2:$B$41,2,FALSE) -> 0
A18: Trbt030m | B18: Trbt030m.xml | C18: insertIfFxFwd | D18: IF_FXFWD | E18: C | F18: 30 | G18: =VLOOKUP($F18,'배치코드-작업'!$A$2:$B$41,2,FALSE) -> 0
A19: Trbt030m | B19: Trbt030m.xml | C19: selectIfFxFwdList | D19: #TEMP_FXFWD SWAPDB_FXForward_Info S1 INNER JOIN SWAPDB_FXForward_Delivery S2 ON S1.FXDealID = S2.FXDealID LEFT OUTER JOIN RCV_OUTSIDE_HDL_H_SAMU_SWAP S3 SWAPDB_FXForward_Info S1 INNER JOIN SENDDB_SND_M_DuplicationCode S2 ON S1.FXDealID = S2.ProductID AND S1.PartyCode = S2.PartyCode LEFT OUTER JOIN RCV_OUTSIDE_HDL_H_SAMU_SWAP S3 | E19: R | F19: 30 | G19: =VLOOKUP($F19,'배치코드-작업'!$A$2:$B$41,2,FALSE) -> 0
A20: Trbt030m | B20: Trbt030m.xml | D20: #TEMP_PACKAGE_INFO #TEMP_FXFWD S1 INNER JOIN SWAPDB_FWD_M_TR_info_Backup S2 SWAPDB_FXForward_Info A INNER JOIN #TEMP_FXFWD B ON A.PartyCode = B.PartyCode AND A.FXDealID = B.FXDealID LEFT OUTER JOIN SWAPDB_FWD_M_TR_info_Backup | E20: R | F20: 30 | G20: =VLOOKUP($F20,'배치코드-작업'!$A$2:$B$41,2,FALSE) -> 0
A21: Trbt030m | B21: Trbt030m.xml | C21: selectIfFxFwdVlnList | D21: #TEMP_FXFWD SWAPDB_FXForward_Info S1 INNER JOIN SWAPDB_FXForward_Delivery S2 SWAPDB_FXForward_Info S1 INNER JOIN SENDDB_SND_M_DuplicationCode S2 SWAPDB_FXForward_Info S1 INNER JOIN SWAPDB_FXForward_Delivery S2 LEFT OUTER JOIN RCV_OUTSIDE_HDL_H_SAMU_SWAP S3 SWAPDB_FXForward_Info S1 INNER JOIN SENDDB_SND_M_DuplicationCode S2 LEFT OUTER JOIN RCV_OUTSIDE_HDL_H_SAMU_SWAP S3 | E21: R | F21: 30 | G21: =VLOOKUP($F21,'배치코드-작업'!$A$2:$B$41,2,FALSE) -> 0
A22: Trbt030m | B22: Trbt030m.xml | D22: #TEMP_PACKAGE_INFO #TEMP_FXFWD S1 INNER JOIN SWAPDB_FWD_M_TR_info_Backup S2 SWAPDB_FXForward_Info A INNER JOIN #TEMP_FXFWD B LEFT OUTER JOIN SWAPDB_FWD_M_TR_info_Backup LEFT OUTER JOIN SWAPDB_FXForward_Value | E22: R | F22: 30 | G22: =VLOOKUP($F22,'배치코드-작업'!$A$2:$B$41,2,FALSE) -> 0
A23: Trbt030m | B23: Trbt030m.xml | C23: deleteIfFxFwdVln | D23: IF_FX_VLN | E23: D | F23: 30 | G23: =VLOOKUP($F23,'배치코드-작업'!$A$2:$B$41,2,FALSE) -> 0
A24: Trbt030m | B24: Trbt030m.xml | C24: insertIfFxFwdVln | D24: IF_FX_VLN | E24: C | F24: 30 | G24: =VLOOKUP($F24,'배치코드-작업'!$A$2:$B$41,2,FALSE) -> 0
A25: Trbt040m | B25: Trbt040m.xml | C25: fnGetFieldData | D25: TD_DMDATALOAD | E25: R | F25: 40 | G25: =VLOOKUP($F25,'배치코드-작업'!$A$2:$B$41,2,FALSE) -> TEST
A26: Trbt040m | B26: Trbt040m.xml | C26: fnDeletePrevData | D26: TD_DMDATALOAD | E26: D | F26: 40 | G26: =VLOOKUP($F26,'배치코드-작업'!$A$2:$B$41,2,FALSE) -> TEST
A27: Trbt040m | B27: Trbt040m.xml | C27: fnInsertDynamic | D27: TD_DMDATALOAD | E27: C | F27: 40 | G27: =VLOOKUP($F27,'배치코드-작업'!$A$2:$B$41,2,FALSE) -> TEST
A28: Trbt049m | B28: Trbt049m.xml | C28: updateBoGoodSrc100100 | D28: ${boGoodSrcTableName} | E28: R | F28: 49 | G28: =VLOOKUP($F28,'배치코드-작업'!$A$2:$B$41,2,FALSE) -> 고객사 상품 CUST작업
A29: Trbt049m | B29: Trbt049m.xml | C29: updateBoGoodSrc200200 | D29: ${boGoodSrcTableName} | E29: R | F29: 49 | G29: =VLOOKUP($F29,'배치코드-작업'!$A$2:$B$41,2,FALSE) -> 고객사 상품 CUST작업
A30: Trbt049m | B30: Trbt049m.xml | C30: updateBoGoodSrc301300 | D30: ${boGoodSrcTableName} | E30: R | F30: 49 | G30: =VLOOKUP($F30,'배치코드-작업'!$A$2:$B$41,2,FALSE) -> 고객사 상품 CUST작업
A31: Trbt050m | B31: Trbt050m.xml | C31: selectGoodColList | D31: TC_CMTABLEDATEGRPJOBLIST | E31: R | F31: 50 | G31: =VLOOKUP($F31,'배치코드-작업'!$A$2:$B$41,2,FALSE) -> 매매기초정보생성
A32: Trbt050m | B32: Trbt050m.xml | C32: selectGoodColListIncludeKey | D32: TC_CMTABLEDATEGRPJOBLIST | E32: R | F32: 50 | G32: =VLOOKUP($F32,'배치코드-작업'!$A$2:$B$41,2,FALSE) -> 매매기초정보생성
A33: Trbt050m | B33: Trbt050m.xml | C33: deletePrevBoGoodData | D33: ${boGoodTableName} | E33: D | F33: 50 | G33: =VLOOKUP($F33,'배치코드-작업'!$A$2:$B$41,2,FALSE) -> 매매기초정보생성
A34: Trbt050m | B34: Trbt050m.xml | C34: selectMaxInsertSeq | D34: ${boGoodSrcTableName} | E34: R | F34: 50 | G34: =VLOOKUP($F34,'배치코드-작업'!$A$2:$B$41,2,FALSE) -> 매매기초정보생성
A35: Trbt050m | B35: Trbt050m.xml | C35: insertBoGoodFromSrc | D35: ${boGoodTableName} | E35: C | F35: 50 | G35: =VLOOKUP($F35,'배치코드-작업'!$A$2:$B$41,2,FALSE) -> 매매기초정보생성
A36: Trbt050m | B36: Trbt050m.xml | D36: ${boGoodSrcTableName} | E36: R(INSERT) | F36: 50 | G36: =VLOOKUP($F36,'배치코드-작업'!$A$2:$B$41,2,FALSE) -> 매매기초정보생성
A37: Trbt050m | B37: Trbt050m.xml | C37: mergeBoGoodFromSrc | D37: ${boGoodTableName} | E37: U(MERGE) | F37: 50 | G37: =VLOOKUP($F37,'배치코드-작업'!$A$2:$B$41,2,FALSE) -> 매매기초정보생성
A38: Trbt050m | B38: Trbt050m.xml | D38: ${boGoodSrcTableName} | E38: U(MERGE) | F38: 50 | G38: =VLOOKUP($F38,'배치코드-작업'!$A$2:$B$41,2,FALSE) -> 매매기초정보생성
A39: Trbt050m | B39: Trbt050m.xml | C39: updateBoGoodIn | D39: ${boGoodInTableName} | E39: U | F39: 50 | G39: =VLOOKUP($F39,'배치코드-작업'!$A$2:$B$41,2,FALSE) -> 매매기초정보생성
A40: Trbt050m | B40: Trbt050m.xml | C40: mergeBoGoodFromIn | D40: ${boGoodTableName} | E40: U(MERGE) | F40: 50 | G40: =VLOOKUP($F40,'배치코드-작업'!$A$2:$B$41,2,FALSE) -> 매매기초정보생성
A41: Trbt050m | B41: Trbt050m.xml | D41: ${boGoodInTableName} | E41: R(INSERT) | F41: 50 | G41: =VLOOKUP($F41,'배치코드-작업'!$A$2:$B$41,2,FALSE) -> 매매기초정보생성
A42: Trbt050m | B42: Trbt050m.xml | C42: selectSrcColIdList | D42: TC_DMCUSTCODESUBMAPVALUE | E42: R | F42: 50 | G42: =VLOOKUP($F42,'배치코드-작업'!$A$2:$B$41,2,FALSE) -> 매매기초정보생성
A43: Trbt050m | B43: Trbt050m.xml | C43: updateSrcColIdList | D43: ${boGoodTableName} | E43: U(MERGE) | F43: 50 | G43: =VLOOKUP($F43,'배치코드-작업'!$A$2:$B$41,2,FALSE) -> 매매기초정보생성
A44: Trbt050m | B44: Trbt050m.xml | D44: TC_DMCUSTCODESUBMAPVALUE | E44: R(MERGE) | F44: 50 | G44: =VLOOKUP($F44,'배치코드-작업'!$A$2:$B$41,2,FALSE) -> 매매기초정보생성
A45: Trbt050m | B45: Trbt050m.xml | C45: mergeIRSWP | D45: TD_TRBOIRSWP | E45: U(MERGE) | F45: 50 | G45: =VLOOKUP($F45,'배치코드-작업'!$A$2:$B$41,2,FALSE) -> 매매기초정보생성
A46: Trbt050m | B46: Trbt050m.xml | D46: TD_TRBOIRSWP | E46: R(MERGE) | F46: 50 | G46: =VLOOKUP($F46,'배치코드-작업'!$A$2:$B$41,2,FALSE) -> 매매기초정보생성
A47: Trbt050m | B47: Trbt050m.xml | C47: mergeIROPT | D47: TD_TRBOIROPT | E47: U(MERGE) | F47: 50 | G47: =VLOOKUP($F47,'배치코드-작업'!$A$2:$B$41,2,FALSE) -> 매매기초정보생성
A48: Trbt050m | B48: Trbt050m.xml | D48: TD_TRBOIROPT | E48: R(MERGE) | F48: 50 | G48: =VLOOKUP($F48,'배치코드-작업'!$A$2:$B$41,2,FALSE) -> 매매기초정보생성
A49: Trbt050m | B49: Trbt050m.xml | C49: mergeIRFWD | D49: TD_TRBOIRFWD | E49: U(MERGE) | F49: 50 | G49: =VLOOKUP($F49,'배치코드-작업'!$A$2:$B$41,2,FALSE) -> 매매기초정보생성
A50: Trbt050m | B50: Trbt050m.xml | D50: TD_TRBOIRFWD | E50: R(MERGE) | F50: 50 | G50: =VLOOKUP($F50,'배치코드-작업'!$A$2:$B$41,2,FALSE) -> 매매기초정보생성
A51: Trbt050m | B51: Trbt050m.xml | C51: mergeFXSWP | D51: TD_TRBOFXSWP | E51: U(MERGE) | F51: 50 | G51: =VLOOKUP($F51,'배치코드-작업'!$A$2:$B$41,2,FALSE) -> 매매기초정보생성
A52: Trbt050m | B52: Trbt050m.xml | D52: TD_TRBOFXSWP | E52: R(MERGE) | F52: 50 | G52: =VLOOKUP($F52,'배치코드-작업'!$A$2:$B$41,2,FALSE) -> 매매기초정보생성
A53: Trbt050m | B53: Trbt050m.xml | C53: mergeFXOPT | D53: TD_TRBOFXOPT | E53: U(MERGE) | F53: 50 | G53: =VLOOKUP($F53,'배치코드-작업'!$A$2:$B$41,2,FALSE) -> 매매기초정보생성
A54: Trbt050m | B54: Trbt050m.xml | D54: TD_TRBOFXOPT | E54: R(MERGE) | F54: 50 | G54: =VLOOKUP($F54,'배치코드-작업'!$A$2:$B$41,2,FALSE) -> 매매기초정보생성
A55: Trbt050m | B55: Trbt050m.xml | C55: mergeFXFWD | D55: TD_TRBOFXFWD | E55: U(MERGE) | F55: 50 | G55: =VLOOKUP($F55,'배치코드-작업'!$A$2:$B$41,2,FALSE) -> 매매기초정보생성
A56: Trbt050m | B56: Trbt050m.xml | D56: TD_TRBOFXFWD | E56: R(MERGE) | F56: 50 | G56: =VLOOKUP($F56,'배치코드-작업'!$A$2:$B$41,2,FALSE) -> 매매기초정보생성
A57: Trbt050m | B57: Trbt050m.xml | C57: mergeEQSWP | D57: TD_TRBOEQSWP | E57: U(MERGE) | F57: 50 | G57: =VLOOKUP($F57,'배치코드-작업'!$A$2:$B$41,2,FALSE) -> 매매기초정보생성
A58: Trbt050m | B58: Trbt050m.xml | D58: TD_TRBOEQSWP | E58: R(MERGE) | F58: 50 | G58: =VLOOKUP($F58,'배치코드-작업'!$A$2:$B$41,2,FALSE) -> 매매기초정보생성
A59: Trbt050m | B59: Trbt050m.xml | C59: mergeEQOPT | D59: TD_TRBOEQOPT | E59: U(MERGE) | F59: 50 | G59: =VLOOKUP($F59,'배치코드-작업'!$A$2:$B$41,2,FALSE) -> 매매기초정보생성
A60: Trbt050m | B60: Trbt050m.xml | D60: TD_TRBOEQOPT | E60: R(MERGE) | F60: 50 | G60: =VLOOKUP($F60,'배치코드-작업'!$A$2:$B$41,2,FALSE) -> 매매기초정보생성
A61: Trbt050m | B61: Trbt050m.xml | C61: mergeEQFWD | D61: TD_TRBOEQFWD | E61: U(MERGE) | F61: 50 | G61: =VLOOKUP($F61,'배치코드-작업'!$A$2:$B$41,2,FALSE) -> 매매기초정보생성
A62: Trbt050m | B62: Trbt050m.xml | D62: TD_TRBOEQFWD | E62: R(MERGE) | F62: 50 | G62: =VLOOKUP($F62,'배치코드-작업'!$A$2:$B$41,2,FALSE) -> 매매기초정보생성
A63: Trbt050m | B63: Trbt050m.xml | C63: mergeCRSWP | D63: TD_TRBOCRSWP | E63: U(MERGE) | F63: 50 | G63: =VLOOKUP($F63,'배치코드-작업'!$A$2:$B$41,2,FALSE) -> 매매기초정보생성
A64: Trbt050m | B64: Trbt050m.xml | D64: TD_TRBOCRSWP | E64: R(MERGE) | F64: 50 | G64: =VLOOKUP($F64,'배치코드-작업'!$A$2:$B$41,2,FALSE) -> 매매기초정보생성
A65: Trbt050m | B65: Trbt050m.xml | C65: mergeCROPT | D65: TD_TRBOCROPT | E65: U(MERGE) | F65: 50 | G65: =VLOOKUP($F65,'배치코드-작업'!$A$2:$B$41,2,FALSE) -> 매매기초정보생성
A66: Trbt050m | B66: Trbt050m.xml | D66: TD_TRBOCROPT | E66: R(MERGE) | F66: 50 | G66: =VLOOKUP($F66,'배치코드-작업'!$A$2:$B$41,2,FALSE) -> 매매기초정보생성
A67: Trbt050m | B67: Trbt050m.xml | C67: mergeCRFWD | D67: TD_TRBOCRFWD | E67: U(MERGE) | F67: 50 | G67: =VLOOKUP($F67,'배치코드-작업'!$A$2:$B$41,2,FALSE) -> 매매기초정보생성
A68: Trbt050m | B68: Trbt050m.xml | D68: TD_TRBOCRFWD | E68: R(MERGE) | F68: 50 | G68: =VLOOKUP($F68,'배치코드-작업'!$A$2:$B$41,2,FALSE) -> 매매기초정보생성
A69: Trbt050m | B69: Trbt050m.xml | C69: mergeCOSWP | D69: TD_TRBOCOSWP | E69: U(MERGE) | F69: 50 | G69: =VLOOKUP($F69,'배치코드-작업'!$A$2:$B$41,2,FALSE) -> 매매기초정보생성
A70: Trbt050m | B70: Trbt050m.xml | D70: TD_TRBOCOSWP | E70: R(MERGE) | F70: 50 | G70: =VLOOKUP($F70,'배치코드-작업'!$A$2:$B$41,2,FALSE) -> 매매기초정보생성
A71: Trbt050m | B71: Trbt050m.xml | C71: mergeCOOPT | D71: TD_TRBOCOOPT | E71: U(MERGE) | F71: 50 | G71: =VLOOKUP($F71,'배치코드-작업'!$A$2:$B$41,2,FALSE) -> 매매기초정보생성
A72: Trbt050m | B72: Trbt050m.xml | D72: TD_TRBOCOOPT | E72: R(MERGE) | F72: 50 | G72: =VLOOKUP($F72,'배치코드-작업'!$A$2:$B$41,2,FALSE) -> 매매기초정보생성
A73: Trbt050m | B73: Trbt050m.xml | C73: mergeCOFWD | D73: TD_TRBOCOFWD | E73: U(MERGE) | F73: 50 | G73: =VLOOKUP($F73,'배치코드-작업'!$A$2:$B$41,2,FALSE) -> 매매기초정보생성
A74: Trbt050m | B74: Trbt050m.xml | D74: TD_TRBOCOFWD | E74: R(MERGE) | F74: 50 | G74: =VLOOKUP($F74,'배치코드-작업'!$A$2:$B$41,2,FALSE) -> 매매기초정보생성
A75: Trbt050m | B75: Trbt050m.xml | C75: mergeDomicileOfTradeParty2 | D75: ${boGoodTableName} | E75: U(MERGE) | F75: 50 | G75: =VLOOKUP($F75,'배치코드-작업'!$A$2:$B$41,2,FALSE) -> 매매기초정보생성
A76: Trbt050m | B76: Trbt050m.xml | D76: ${boGoodTableName} A, TC_TRLEIMASTER B | E76: R(MERGE) | F76: 50 | G76: =VLOOKUP($F76,'배치코드-작업'!$A$2:$B$41,2,FALSE) -> 매매기초정보생성
A77: Trbt050m | B77: Trbt050m.xml | C77: mergeReportingAccountNo | D77: ${boGoodTableName} | E77: U(MERGE) | F77: 50 | G77: =VLOOKUP($F77,'배치코드-작업'!$A$2:$B$41,2,FALSE) -> 매매기초정보생성
A78: Trbt050m | B78: Trbt050m.xml | D78: ${boGoodTableName} A, TC_CMORGINFO B | E78: R(MERGE) | F78: 50 | G78: =VLOOKUP($F78,'배치코드-작업'!$A$2:$B$41,2,FALSE) -> 매매기초정보생성
A79: Trbt051m | B79: Trbt051m.xml | C79: selectDupItemCode | D79: TD_TRBOEQFWD | E79: R(COUNT) | F79: 51 | G79: =VLOOKUP($F79,'배치코드-작업'!$A$2:$B$41,2,FALSE) -> 매매정보생성
A80: Trbt051m | B80: Trbt051m.xml | D80: TD_TRBOFXFWD | E80: R(COUNT) | F80: 51 | G80: =VLOOKUP($F80,'배치코드-작업'!$A$2:$B$41,2,FALSE) -> 매매정보생성
A81: Trbt051m | B81: Trbt051m.xml | D81: TD_TRBOCRFWD | E81: R(COUNT) | F81: 51 | G81: =VLOOKUP($F81,'배치코드-작업'!$A$2:$B$41,2,FALSE) -> 매매정보생성
A82: Trbt051m | B82: Trbt051m.xml | D82: TD_TRBOCOFWD | E82: R(COUNT) | F82: 51 | G82: =VLOOKUP($F82,'배치코드-작업'!$A$2:$B$41,2,FALSE) -> 매매정보생성
A83: Trbt051m | B83: Trbt051m.xml | D83: TD_TRBOIRFWD | E83: R(COUNT) | F83: 51 | G83: =VLOOKUP($F83,'배치코드-작업'!$A$2:$B$41,2,FALSE) -> 매매정보생성
A84: Trbt051m | B84: Trbt051m.xml | D84: TD_TRBOEQSWP | E84: R(COUNT) | F84: 51 | G84: =VLOOKUP($F84,'배치코드-작업'!$A$2:$B$41,2,FALSE) -> 매매정보생성
A85: Trbt051m | B85: Trbt051m.xml | D85: TD_TRBOFXSWP | E85: R(COUNT) | F85: 51 | G85: =VLOOKUP($F85,'배치코드-작업'!$A$2:$B$41,2,FALSE) -> 매매정보생성
A86: Trbt051m | B86: Trbt051m.xml | D86: TD_TRBOCRSWP | E86: R(COUNT) | F86: 51 | G86: =VLOOKUP($F86,'배치코드-작업'!$A$2:$B$41,2,FALSE) -> 매매정보생성
A87: Trbt051m | B87: Trbt051m.xml | D87: TD_TRBOCOSWP | E87: R(COUNT) | F87: 51 | G87: =VLOOKUP($F87,'배치코드-작업'!$A$2:$B$41,2,FALSE) -> 매매정보생성
A88: Trbt051m | B88: Trbt051m.xml | D88: TD_TRBOIRSWP | E88: R(COUNT) | F88: 51 | G88: =VLOOKUP($F88,'배치코드-작업'!$A$2:$B$41,2,FALSE) -> 매매정보생성
A89: Trbt051m | B89: Trbt051m.xml | D89: TD_TRBOEQOPT | E89: R(COUNT) | F89: 51 | G89: =VLOOKUP($F89,'배치코드-작업'!$A$2:$B$41,2,FALSE) -> 매매정보생성
A90: Trbt051m | B90: Trbt051m.xml | D90: TD_TRBOFXOPT | E90: R(COUNT) | F90: 51 | G90: =VLOOKUP($F90,'배치코드-작업'!$A$2:$B$41,2,FALSE) -> 매매정보생성
A91: Trbt051m | B91: Trbt051m.xml | D91: TD_TRBOCROPT | E91: R(COUNT) | F91: 51 | G91: =VLOOKUP($F91,'배치코드-작업'!$A$2:$B$41,2,FALSE) -> 매매정보생성
... A108: Trbt051m | B108: Trbt051m.xml | D108: TD_TRBOIROPT | E108: R(COUNT) | F108: 51 | G108: =VLOOKUP($F108,'배치코드-작업'!$A$2:$B$41,2,FALSE) -> 매매정보생성
A109: Trbt051m | B109: Trbt051m.xml | C109: deletePrevGoodData | D109: ${goodTableName} | E109: D | F109: 51 | G109: =VLOOKUP($F109,'배치코드-작업'!$A$2:$B$41,2,FALSE) -> 매매정보생성
A110: Trbt051m | B110: Trbt051m.xml | C110: selectGoodColListIncludeKey | D110: TC_CMTABLEDATEGRPJOBLIST | E110: R | F110: 51 | G110: =VLOOKUP($F110,'배치코드-작업'!$A$2:$B$41,2,FALSE) -> 매매정보생성
A111: Trbt051m | B111: Trbt051m.xml | D111: TC_CMTABLEDATEGRPJOBLIST | E111: R(SUB QUERY) | F111: 51 | G111: =VLOOKUP($F111,'배치코드-작업'!$A$2:$B$41,2,FALSE) -> 매매정보생성
A112: Trbt051m | B112: Trbt051m.xml | C112: insertGoodFromBoGood | D112: ${goodTableName} | E112: C | F112: 51 | G112: =VLOOKUP($F112,'배치코드-작업'!$A$2:$B$41,2,FALSE) -> 매매정보생성
A113: Trbt051m | B113: Trbt051m.xml | D113: ${boGoodTableName} | E113: R(INSERT) | F113: 51 | G113: =VLOOKUP($F113,'배치코드-작업'!$A$2:$B$41,2,FALSE) -> 매매정보생성
A114: Trbt051m | B114: Trbt051m.xml | D114: ${goodTableName} | E114: R(NOT IN) | F114: 51 | G114: =VLOOKUP($F114,'배치코드-작업'!$A$2:$B$41,2,FALSE) -> 매매정보생성
A115: Trbt051m | B115: Trbt051m.xml | D115: ${goodTableName} | E115: R(NOT IN) | F115: 51 | G115: =VLOOKUP($F115,'배치코드-작업'!$A$2:$B$41,2,FALSE) -> 매매정보생성
A116: Trbt051m | B116: Trbt051m.xml | D116: TD_TRJOBCLOSE | E116: R(NOT IN) | F116: 51 | G116: =VLOOKUP($F116,'배치코드-작업'!$A$2:$B$41,2,FALSE) -> 매매정보생성
...

Sheet 배치코드-작업
A1: 배치코드 | B1: 배치작업
B2: NULL
A3: 1 | B3: SPEC 데이터 인터페이스
A4: 10 | B4: 시장데이터 수신
A5: 20 | B5: 수신데이터검증
A6: 30
A7: 40 | B7: TEST
A8: 49 | B8: 고객사 상품 CUST작업
A9: 50 | B9: 매매기초정보생성
A10: 51 | B10: 매매정보생성
A11: 52 | B11: 가치평가정보생성
A12: 53 | B12: 담보정보생성
A13: 54 | B13: 기타정보생성
A14: 60 | B14: 거래기초데이터생성
A15: 65 | B15: 매매관리데이터생성
A16: 66 | B16: 가치평가누락데이터생성
A17: 70 | B17: 가치평가관리데이터생성
A18: 74 | B18: 담보평가누락데이터생성
... A41: 900 | B41: 메일발송
